{
  "rmse": 0.8025070087856355,
  "mae": 0.6369924686394697,
  "coverage": 0.19791666666666666,
  "diversity": 0.6944637022993776,
  "topk": {
    "5": {
      "precision": 0.02599531615925059,
      "recall": 0.05365408496693797,
      "ndcg": 0.045120555692742405
    },
    "10": {
      "precision": 0.02271662763466042,
      "recall": 0.0895174428822314,
      "ndcg": 0.05788031835032036
    }
  },
  "num_test_users": 854
}